event,adId,campaignID,xForwardedFor,stateID,cityID
RENDER,7007,1821,152.57.50.26,2239,81116
RENDER,7007,1821,157.33.2.227,2239,81116
RENDER,7007,1821,157.45.43.76,2239,81116
RENDER,7007,1821,103.176.6.171,2239,81116
RENDER,7007,1821,106.217.100.196,2239,81116
RENDER,7007,1821,117.99.243.116,2239,81116
RENDER,7007,1821,106.217.100.109,2239,81116
RENDER,7007,1821,152.57.53.109,2239,81116
RENDER,7007,1821,152.57.76.182,2239,81116
RENDER,7007,1821,152.57.18.66,2239,81116
RENDER,7007,1821,103.180.106.68,2239,81116
RENDER,7007,1821,103.220.80.243,2239,81116
RENDER,7007,1821,106.217.100.179,2239,81116
RENDER,7007,1821,106.193.229.70,2239,81116
RENDER,7007,1821,106.221.223.222,2239,81116
RENDER,7007,1821,117.99.245.102,2239,81116
RENDER,7007,1821,157.33.113.118,2239,81116
RENDER,7007,1821,117.99.244.50,2239,81116
RENDER,7007,1821,223.189.23.25,2239,81116
RENDER,7007,1821,157.33.99.135,2239,81116
RENDER,7007,1821,152.57.53.71,2239,81116
RENDER,7007,1821,106.193.229.144,2239,81116
RENDER,7007,1821,123.63.85.197,2239,81116
RENDER,7007,1821,110.225.50.57,2239,81116
RENDER,7007,1821,157.45.64.19,2239,81116
RENDER,7007,1821,157.33.66.99,2239,81116
RENDER,7007,1821,106.193.189.138,2239,81116
RENDER,7007,1821,123.63.85.197,2239,81116
RENDER,7007,1821,106.193.207.127,2239,81116
RENDER,7007,1821,117.99.245.183,2239,81116
RENDER,7007,1821,157.33.0.122,2239,81116
RENDER,7007,1821,106.221.13.39,2239,81116
RENDER,7007,1821,152.57.113.59,2239,81116
RENDER,7007,1821,152.57.177.29,2239,81116
RENDER,7007,1821,152.57.141.237,2239,81116
RENDER,7007,1821,152.57.185.114,2239,81116
RENDER,7007,1821,49.33.209.252,2239,81116
RENDER,7007,1821,152.57.112.203,2239,81116
RENDER,7007,1821,106.193.237.180,2239,81116
RENDER,7007,1821,117.99.255.47,2239,81116
RENDER,7007,1821,157.33.1.251,2239,81116
RENDER,7007,1821,49.204.69.154,2239,81116
RENDER,7007,1821,106.200.98.238,2239,81116
RENDER,7007,1821,152.57.188.53,2239,81116
RENDER,7007,1821,152.58.18.17,2239,81116
RENDER,7007,1821,49.32.166.14,2239,81116
RENDER,7007,1821,106.209.240.107,2239,81116
RENDER,7007,1821,42.106.216.170,2239,81116
RENDER,7007,1821,223.182.187.152,2239,81116
RENDER,7007,1821,152.58.18.45,2239,81116
RENDER,7007,1821,152.58.18.120,2239,81116
RENDER,7007,1821,106.193.198.160,2239,81116
RENDER,7007,1821,152.57.62.158,2239,81116
RENDER,7007,1821,152.57.90.111,2239,81116
RENDER,7007,1821,103.173.240.133,2239,81116
RENDER,7007,1821,152.57.173.4,2239,81116
RENDER,7007,1821,157.33.221.172,2239,81116
RENDER,7007,1821,152.57.15.95,2239,81116
RENDER,7007,1821,42.106.248.236,2239,81116
RENDER,7007,1821,152.57.102.108,2239,81116
RENDER,7007,1821,106.193.229.117,2239,81116
RENDER,7007,1821,117.99.247.198,2239,81116
RENDER,7007,1821,106.193.247.117,2239,81116
RENDER,7007,1821,152.57.72.57,2239,81116
RENDER,7007,1821,152.58.43.56,2239,81116
RENDER,7007,1821,152.57.81.214,2239,81116
RENDER,7007,1821,152.57.120.42,2239,81116
RENDER,7007,1821,152.58.4.161,2239,81116
RENDER,7007,1821,152.58.31.156,2239,81116
RENDER,7007,1821,157.33.44.67,2239,81116
RENDER,7007,1821,157.33.22.62,2239,81116
RENDER,7007,1821,117.99.243.220,2239,81116
RENDER,7007,1821,152.57.144.37,2239,81116
RENDER,7007,1821,103.72.72.203,2239,81116
RENDER,7007,1821,103.13.42.7,2239,81116
RENDER,7007,1821,157.33.122.94,2239,81116
RENDER,7007,1821,152.58.19.49,2239,81116
RENDER,7007,1821,106.216.255.179,2239,81116
RENDER,7007,1821,152.58.19.25,2239,81116
RENDER,7007,1821,152.58.19.121,2239,81116
RENDER,7007,1821,157.33.42.29,2239,81116
RENDER,7007,1821,157.33.0.122,2239,81116
RENDER,7007,1821,152.57.143.35,2239,81116
RENDER,7007,1821,157.33.60.192,2239,81116
RENDER,7007,1821,152.57.170.33,2239,81116
RENDER,7007,1821,152.57.108.168,2239,81116
RENDER,7007,1821,152.57.69.22,2239,81116
RENDER,7007,1821,157.33.116.151,2239,81116
RENDER,7007,1821,157.33.76.3,2239,81116
RENDER,7007,1821,223.189.63.74,2239,81116
RENDER,7007,1821,152.58.18.4,2239,81116
RENDER,7007,1821,171.51.225.253,2239,81116
RENDER,7007,1821,49.32.171.54,2239,81116
RENDER,7007,1821,157.33.197.1,2239,81116
RENDER,7007,1821,157.33.25.219,2239,81116
RENDER,7007,1821,117.99.254.32,2239,81116
RENDER,7007,1821,171.51.220.174,2239,81116
RENDER,7007,1821,152.57.108.62,2239,81116
RENDER,7007,1821,152.58.43.250,2239,81116
RENDER,7007,1821,152.58.19.69,2239,81116
RENDER,7007,1821,152.58.18.165,2239,81116
RENDER,7007,1821,203.194.102.218,2239,81116
RENDER,7007,1821,49.33.218.17,2239,81116
RENDER,7007,1821,110.226.177.107,2239,81116
RENDER,7007,1821,152.57.83.150,2239,81116
RENDER,7007,1821,42.106.248.79,2239,81116
RENDER,7007,1821,157.33.227.96,2239,81116
RENDER,7007,1821,152.58.30.68,2239,81116
RENDER,7007,1821,152.58.19.230,2239,81116
RENDER,7007,1821,152.57.20.78,2239,81116
RENDER,7007,1821,152.57.113.158,2239,81116
RENDER,7007,1821,152.57.122.63,2239,81116
RENDER,7007,1821,103.13.42.8,2239,81116
RENDER,7007,1821,49.32.171.54,2239,81116
RENDER,7007,1821,152.57.9.149,2239,81116
RENDER,7007,1821,171.77.131.121,2239,81116
RENDER,7007,1821,152.58.47.186,2239,81116
RENDER,7007,1821,157.33.19.201,2239,81116
RENDER,7007,1821,117.99.249.21,2239,81116
RENDER,7007,1821,117.99.240.202,2239,81116
RENDER,7007,1821,152.58.19.21,2239,81116
RENDER,7007,1821,152.57.51.205,2239,81116
RENDER,7007,1821,152.58.18.247,2239,81116
RENDER,7007,1821,152.58.4.81,2239,81116
RENDER,7007,1821,203.194.102.221,2239,81116
RENDER,7007,1821,103.164.197.89,2239,81116
RENDER,7007,1821,203.192.195.21,2239,81116
RENDER,7007,1821,152.57.110.96,2239,81116
RENDER,7007,1821,152.57.27.215,2239,81116
RENDER,7007,1821,152.57.103.144,2239,81116
RENDER,7007,1821,152.57.82.163,2239,81116
RENDER,7007,1821,49.32.190.7,2239,81116
RENDER,7007,1821,106.200.106.130,2239,81116
RENDER,7007,1821,152.57.69.33,2239,81116
RENDER,7007,1821,152.57.148.146,2239,81116
RENDER,7007,1821,103.164.197.89,2239,81116
RENDER,7007,1821,106.194.230.25,2239,81116
RENDER,7007,1821,157.33.23.34,2239,81116
RENDER,7007,1821,152.58.18.1,2239,81116
RENDER,7007,1821,106.221.218.131,2239,81116
RENDER,7007,1821,157.33.45.65,2239,81116
RENDER,7007,1821,157.33.78.83,2239,81116
RENDER,7007,1821,115.111.223.46,2239,81116
RENDER,7007,1821,59.99.200.8,2239,81116
RENDER,7007,1821,106.193.228.97,2239,81116
RENDER,7007,1821,106.193.234.99,2239,81116
RENDER,7007,1821,157.33.7.244,2239,81116
RENDER,7007,1821,157.33.35.84,2239,81116
RENDER,7007,1821,152.58.19.136,2239,81116
RENDER,7007,1821,223.184.232.231,2239,81116
RENDER,7007,1821,103.183.55.245,2239,81116
RENDER,7007,1821,106.194.195.42,2239,81116
RENDER,7007,1821,106.193.189.204,2239,81116
RENDER,7007,1821,152.57.23.168,2239,81116
RENDER,7007,1821,157.33.4.170,2239,81116
RENDER,7007,1821,152.57.175.77,2239,81116
RENDER,7007,1821,110.224.51.39,2239,81116
RENDER,7007,1821,110.226.180.220,2239,81116
RENDER,7007,1821,157.33.11.226,2239,81116
RENDER,7007,1821,157.33.94.248,2239,81116
RENDER,7007,1821,157.33.253.62,2239,81116
RENDER,7007,1821,106.216.246.128,2239,81116
RENDER,7007,1821,106.193.189.138,2239,81116
RENDER,7007,1821,157.33.108.242,2239,81116
RENDER,7007,1821,152.57.113.158,2239,81116
RENDER,7007,1821,152.58.18.194,2239,81116
RENDER,7007,1821,157.33.18.173,2239,81116
RENDER,7007,1821,152.57.42.20,2239,81116
RENDER,7007,1821,123.63.85.197,2239,81116
RENDER,7007,1821,152.58.19.239,2239,81116
RENDER,7007,1821,157.45.41.231,2239,81116
RENDER,7007,1821,157.33.25.141,2239,81116
RENDER,7007,1821,152.57.36.44,2239,81116
RENDER,7007,1821,106.193.131.204,2239,81116
RENDER,7007,1821,157.33.7.244,2239,81116
RENDER,7007,1821,152.57.19.130,2239,81116
RENDER,7007,1821,42.106.249.62,2239,81116
RENDER,7007,1821,157.33.254.32,2239,81116
RENDER,7007,1821,157.33.21.242,2239,81116
RENDER,7007,1821,157.33.125.29,2239,81116
RENDER,7007,1821,152.57.25.185,2239,81116
RENDER,7007,1821,152.58.19.243,2239,81116
RENDER,7007,1821,106.221.218.131,2239,81116
RENDER,7007,1821,157.33.126.43,2239,81116
RENDER,7007,1821,106.79.115.95,2239,81116
RENDER,7007,1821,157.33.192.53,2239,81116
RENDER,7007,1821,106.210.231.208,2239,81116
RENDER,7007,1821,152.57.139.152,2239,81116
RENDER,7007,1821,106.193.234.99,2239,81116
RENDER,7007,1821,157.33.226.216,2239,81116
RENDER,7007,1821,152.57.30.12,2239,81116
RENDER,7007,1821,157.33.126.43,2239,81116
RENDER,7007,1821,203.194.98.53,2239,81116
RENDER,7007,1821,106.221.211.87,2239,81116
RENDER,7007,1821,106.216.180.190,2239,81116
RENDER,7007,1821,157.33.218.26,2239,81116
RENDER,7007,1821,152.57.101.236,2239,81116
RENDER,7007,1821,157.33.224.110,2239,81116
RENDER,7007,1821,106.193.191.65,2239,81116
RENDER,7007,1821,49.32.190.7,2239,81116
RENDER,7007,1821,106.221.218.221,2239,81116
RENDER,7007,1821,157.33.222.237,2239,81116
RENDER,7007,1821,117.99.244.71,2239,81116
RENDER,7007,1821,152.57.30.12,2239,81116
RENDER,7007,1821,157.33.9.178,2239,81116
RENDER,7007,1821,152.57.38.84,2239,81116
RENDER,7007,1821,157.33.194.5,2239,81116
RENDER,7007,1821,117.99.243.86,2239,81116
RENDER,7007,1821,223.176.85.2,2239,81116
RENDER,7007,1821,152.57.116.40,2239,81116
RENDER,7007,1821,152.58.19.145,2239,81116
RENDER,7007,1821,106.197.80.147,2239,81116
RENDER,7007,1821,106.193.198.243,2239,81116
RENDER,7007,1821,157.33.15.170,2239,81116
RENDER,7007,1821,152.58.16.247,2239,81116
RENDER,7007,1821,49.33.215.143,2239,81116
RENDER,7007,1821,152.57.75.240,2239,81116
RENDER,7007,1821,124.66.173.100,2239,81116
RENDER,7007,1821,152.58.19.149,2239,81116
RENDER,7007,1821,152.58.16.117,2239,81116
RENDER,7007,1821,106.221.218.131,2239,81116
RENDER,7007,1821,157.33.88.8,2239,81116
RENDER,7007,1821,117.99.241.127,2239,81116
RENDER,7007,1821,110.225.50.44,2239,81116
RENDER,7007,1821,152.57.19.130,2239,81116
RENDER,7007,1821,117.99.248.250,2239,81116
RENDER,7007,1821,152.58.19.239,2239,81116
RENDER,7007,1821,152.57.6.107,2239,81116
RENDER,7007,1821,49.15.232.244,2239,81116
RENDER,7007,1821,106.220.70.112,2239,81116
RENDER,7007,1821,157.33.42.230,2239,81116
RENDER,7007,1821,157.33.5.125,2239,81116
RENDER,7007,1821,152.58.18.74,2239,81116
RENDER,7007,1821,106.200.118.217,2239,81116
RENDER,7007,1821,157.33.246.96,2239,81116
RENDER,7007,1821,152.58.19.69,2239,81116
RENDER,7007,1821,106.211.122.2,2239,81116
RENDER,7007,1821,152.58.18.141,2239,81116
RENDER,7007,1821,152.57.16.56,2239,81116
RENDER,7007,1821,152.58.17.65,2239,81116
RENDER,7007,1821,103.44.106.82,2239,81116
RENDER,7007,1821,106.193.206.136,2239,81116
RENDER,7007,1821,106.200.105.123,2239,81116
RENDER,7007,1821,152.57.113.178,2239,81116
RENDER,7007,1821,152.58.18.16,2239,81116
RENDER,7007,1821,157.33.206.243,2239,81116
RENDER,7007,1821,152.57.109.237,2239,81116
RENDER,7007,1821,49.32.138.56,2239,81116
RENDER,7007,1821,152.57.35.226,2239,81116
RENDER,7007,1821,49.15.231.164,2239,81116
RENDER,7007,1821,106.194.227.149,2239,81116
RENDER,7007,1821,157.33.228.50,2239,81116
RENDER,7007,1821,152.57.139.238,0.0,2239
RENDER,7007,1821,106.193.207.48,2239,81116
RENDER,7007,1821,152.57.15.43,2239,81116
RENDER,7007,1821,152.58.18.14,2239,81116
RENDER,7007,1821,106.217.100.197,2239,81116
RENDER,7007,1821,106.79.146.87,2239,81116
RENDER,7007,1821,157.33.74.108,2239,81116
RENDER,7007,1821,157.33.118.231,2239,81116
RENDER,7007,1821,157.33.207.34,2239,81116
RENDER,7007,1821,49.32.130.177,2239,81116
RENDER,7007,1821,182.75.173.194,2239,81116
RENDER,7007,1821,157.45.50.123,2239,81116
RENDER,7007,1821,106.193.214.243,2239,81116
RENDER,7007,1821,117.99.254.89,2239,81116
RENDER,7007,1821,152.58.18.232,2239,81116
RENDER,7007,1821,152.57.165.58,2239,81116
RENDER,7007,1821,110.224.112.156,2239,81116
RENDER,7007,1821,106.221.211.193,2239,81116
RENDER,7007,1821,115.111.223.46,2239,81116
RENDER,7007,1821,117.99.246.36,2239,81116
RENDER,7007,1821,152.57.38.18,2239,81116
RENDER,7007,1821,157.33.192.51,2239,81116
RENDER,7007,1821,157.33.47.82,2239,81116
RENDER,7007,1821,152.58.28.241,2239,81116
RENDER,7007,1821,152.57.163.91,2239,81116
RENDER,7007,1821,152.57.91.205,2239,81116
RENDER,7007,1821,152.58.19.19,2239,81116
RENDER,7007,1821,103.38.68.172,2239,81116
RENDER,7007,1821,152.57.121.138,2239,81116
RENDER,7007,1821,152.57.29.111,2239,81116
RENDER,7007,1821,110.224.122.23,2239,81116
RENDER,7007,1821,106.217.100.15,2239,81116
RENDER,7007,1821,157.33.95.71,2239,81116
RENDER,7007,1821,157.33.9.236,2239,81116
RENDER,7007,1821,157.33.204.199,2239,81116
RENDER,7007,1821,152.58.19.244,2239,81116
RENDER,7007,1821,117.99.252.73,2239,81116
RENDER,7007,1821,152.57.111.172,2239,81116
RENDER,7007,1821,106.221.3.118,2239,81116
RENDER,7007,1821,152.58.18.249,2239,81116
RENDER,7007,1821,117.99.246.84,2239,81116
RENDER,7007,1821,157.33.210.202,2239,81116
RENDER,7007,1821,103.13.42.7,2239,81116
RENDER,7007,1821,203.192.238.54,2239,81116
RENDER,7007,1821,49.32.178.200,2239,81116
RENDER,7007,1821,117.99.252.11,2239,81116
RENDER,7007,1821,157.33.223.139,2239,81116
RENDER,7007,1821,106.217.100.104,2239,81116
RENDER,7007,1821,152.58.3.238,2239,81116
RENDER,7007,1821,49.15.234.215,2239,81116
RENDER,7007,1821,152.57.88.0,2239,81116
RENDER,7007,1821,106.193.228.84,2239,81116
RENDER,7007,1821,152.57.88.249,2239,81116
RENDER,7007,1821,110.225.50.39,2239,81116
RENDER,7007,1821,106.193.245.105,2239,81116
RENDER,7007,1821,110.225.50.36,2239,81116
RENDER,7007,1821,157.33.23.35,2239,81116
RENDER,7007,1821,106.193.222.224,2239,81116
RENDER,7007,1821,157.33.246.177,2239,81116
RENDER,7007,1821,157.33.70.171,2239,81116
RENDER,7007,1821,43.241.124.87,2239,81116
RENDER,7007,1821,203.192.213.122,2239,81116
RENDER,7007,1821,117.99.254.50,2239,81116
RENDER,7007,1821,106.193.206.32,2239,81116
RENDER,7007,1821,106.193.206.213,2239,81116
RENDER,7007,1821,152.57.73.128,2239,81116
RENDER,7007,1821,171.51.222.53,2239,81116
RENDER,7007,1821,106.194.194.7,2239,81116
RENDER,7007,1821,106.216.249.72,2239,81116
RENDER,7007,1821,106.193.35.165,2239,81116
RENDER,7007,1821,152.57.36.79,2239,81116
RENDER,7007,1821,110.224.124.39,2239,81116
RENDER,7007,1821,106.221.222.42,2239,81116
RENDER,7007,1821,152.57.26.228,2239,81116
RENDER,7007,1821,106.193.118.255,2239,81116
RENDER,7007,1821,49.32.170.19,2239,81116
RENDER,7007,1821,157.45.134.131,2239,81116
RENDER,7007,1821,106.217.100.65,2239,81116
RENDER,7007,1821,157.45.134.133,2239,81116
RENDER,7007,1821,182.71.154.92,2239,81116
RENDER,7007,1821,152.58.19.119,2239,81116
RENDER,7007,1821,106.216.248.163,2239,81116
RENDER,7007,1821,202.134.181.187,2239,81116
RENDER,7007,1821,110.227.31.23,2239,81116
RENDER,7007,1821,117.99.242.9,2239,81116
RENDER,7007,1821,117.99.245.148,2239,81116
RENDER,7007,1821,42.106.248.175,2239,81116
RENDER,7007,1821,111.125.210.165,2239,81116
RENDER,7007,1821,49.32.170.19,2239,81116
RENDER,7007,1821,223.237.64.32,2239,81116
RENDER,7007,1821,103.142.120.152,2239,81116
RENDER,7007,1821,49.15.230.51,2239,81116
RENDER,7007,1821,152.58.19.17,2239,81116
RENDER,7007,1821,152.58.29.82,2239,81116
RENDER,7007,1821,157.33.17.51,2239,81116
RENDER,7007,1821,106.193.229.117,2239,81116
RENDER,7007,1821,117.99.242.58,2239,81116
RENDER,7007,1821,106.200.126.88,2239,81116
RENDER,7007,1821,152.58.19.24,2239,81116
RENDER,7007,1821,103.182.130.101,2239,81116
RENDER,7007,1821,171.77.138.227,2239,81116
RENDER,7007,1821,152.58.18.244,2239,81116
RENDER,7007,1821,152.57.88.70,2239,81116
RENDER,7007,1821,157.33.100.146,2239,81116
RENDER,7007,1821,103.164.197.107,2239,81116
RENDER,7007,1821,152.57.50.89,2239,81116
RENDER,7007,1821,42.106.248.153,2239,81116
RENDER,7007,1821,152.57.172.166,2239,81116
RENDER,7007,1821,152.58.18.115,2239,81116
RENDER,7007,1821,152.58.18.175,2239,81116
RENDER,7007,1821,42.106.216.119,2239,81116
RENDER,7007,1821,157.33.40.255,2239,81116
RENDER,7007,1821,106.216.180.134,2239,81116
RENDER,7007,1821,223.182.171.185,2239,81116
RENDER,7007,1821,152.57.145.144,2239,81116
RENDER,7007,1821,152.58.19.215,2239,81116
RENDER,7007,1821,157.33.100.61,2239,81116
RENDER,7007,1821,157.45.50.122,2239,81116
RENDER,7007,1821,152.57.75.240,2239,81116
RENDER,7007,1821,152.57.123.31,2239,81116
RENDER,7007,1821,152.57.25.214,2239,81116
RENDER,7007,1821,117.99.249.3,2239,81116
RENDER,7007,1821,163.114.129.1,2239,81116
RENDER,7007,1821,117.99.252.217,2239,81116
RENDER,7007,1821,152.58.18.117,2239,81116
RENDER,7007,1821,106.193.223.72,2239,81116
RENDER,7007,1821,157.33.32.27,2239,81116
RENDER,7007,1821,106.193.35.128,2239,81116
RENDER,7007,1821,157.33.205.190,2239,81116
RENDER,7007,1821,106.193.192.81,2239,81116
RENDER,7007,1821,157.33.20.215,2239,81116
RENDER,7007,1821,152.58.18.157,2239,81116
RENDER,7007,1821,152.57.90.172,2239,81116
RENDER,7007,1821,157.33.239.138,2239,81116
RENDER,7007,1821,152.57.50.89,2239,81116
RENDER,7007,1821,110.225.50.54,2239,81116
RENDER,7007,1821,157.33.63.233,2239,81116
RENDER,7007,1821,157.33.125.29,2239,81116
RENDER,7007,1821,157.33.38.131,2239,81116
RENDER,7007,1821,152.57.189.1,2239,81116
RENDER,7007,1821,152.57.30.12,2239,81116
RENDER,7007,1821,117.99.240.253,2239,81116
RENDER,7007,1821,157.33.114.149,2239,81116
RENDER,7007,1821,103.44.106.200,2239,81116
RENDER,7007,1821,152.57.179.145,2239,81116
RENDER,7007,1821,103.164.197.89,2239,81116
RENDER,7007,1821,157.33.73.100,2239,81116
RENDER,7007,1821,123.63.85.197,2239,81116
RENDER,7007,1821,152.57.147.212,2239,81116
RENDER,7007,1821,157.33.28.205,2239,81116
RENDER,7007,1821,157.33.79.175,2239,81116
RENDER,7007,1821,152.57.168.80,2239,81116
RENDER,7007,1821,152.57.116.40,2239,81116
RENDER,7007,1821,152.57.118.98,2239,81116
RENDER,7007,1821,152.58.2.91,2239,81116
RENDER,7007,1821,117.99.241.127,2239,81116
RENDER,7007,1821,117.99.247.128,2239,81116
RENDER,7007,1821,157.45.134.129,2239,81116
RENDER,7007,1821,106.216.180.134,2239,81116
RENDER,7007,1821,106.200.97.34,2239,81116
RENDER,7007,1821,117.99.241.136,2239,81116
RENDER,7007,1821,152.57.31.229,2239,81116
RENDER,7007,1821,117.99.244.104,2239,81116
RENDER,7007,1821,27.97.141.95,2239,81116
RENDER,7007,1821,152.57.119.50,2239,81116
RENDER,7007,1821,152.57.101.244,2239,81116
RENDER,7007,1821,152.58.2.162,2239,81116
RENDER,7007,1821,106.221.211.87,2239,81116
RENDER,7007,1821,157.33.56.151,2239,81116
RENDER,7007,1821,152.58.19.151,2239,81116
RENDER,7007,1821,152.57.138.83,2239,81116
RENDER,7007,1821,152.57.139.104,2239,81116
RENDER,7007,1821,106.78.177.111,2239,81116
RENDER,7007,1821,152.57.7.39,2239,81116
RENDER,7007,1821,117.99.241.151,2239,81116
RENDER,7007,1821,152.57.125.104,2239,81116
RENDER,7007,1821,152.58.18.43,2239,81116
RENDER,7007,1821,171.77.144.217,2239,81116
RENDER,7007,1821,103.164.197.89,2239,81116
RENDER,7007,1821,157.33.108.186,2239,81116
RENDER,7007,1821,157.45.50.121,2239,81116
RENDER,7007,1821,117.99.251.192,2239,81116
RENDER,7007,1821,152.58.51.86,2239,81116
RENDER,7007,1821,152.58.29.82,2239,81116
RENDER,7007,1821,106.217.100.212,2239,81116
RENDER,7007,1821,152.57.51.37,2239,81116
RENDER,7007,1821,157.33.21.224,2239,81116
RENDER,7007,1821,106.193.194.230,2239,81116
RENDER,7007,1821,42.106.204.113,2239,81116
RENDER,7007,1821,152.57.127.181,2239,81116
RENDER,7007,1821,152.58.18.100,2239,81116
RENDER,7007,1821,152.58.18.17,2239,81116
RENDER,7007,1821,42.106.236.184,2239,81116
RENDER,7007,1821,152.57.109.174,2239,81116
RENDER,7007,1821,157.33.220.210,2239,81116
RENDER,7007,1821,157.33.193.66,2239,81116
RENDER,7007,1821,152.57.163.178,2239,81116
RENDER,7007,1821,152.58.0.28,2239,81116
RENDER,7007,1821,157.33.35.84,2239,81116
RENDER,7007,1821,106.194.239.77,2239,81116
RENDER,7007,1821,117.99.250.251,2239,81116
RENDER,7007,1821,157.33.42.230,2239,81116
RENDER,7007,1821,157.33.228.32,2239,81116
RENDER,7007,1821,157.33.40.94,2239,81116
RENDER,7007,1821,110.225.58.192,2239,81116
RENDER,7007,1821,152.58.18.165,2239,81116
RENDER,7007,1821,117.99.253.234,2239,81116
RENDER,7007,1821,157.33.67.178,2239,81116
RENDER,7007,1821,152.57.2.165,2239,81116
RENDER,7007,1821,106.193.246.186,2239,81116
RENDER,7007,1821,106.193.245.61,2239,81116
RENDER,7007,1821,49.15.233.105,2239,81116
RENDER,7007,1821,152.58.19.26,2239,81116
RENDER,7007,1821,152.58.19.145,2239,81116
RENDER,7007,1821,106.193.236.207,2239,81116
RENDER,7007,1821,157.33.13.227,2239,81116
RENDER,7007,1821,152.57.163.99,2239,81116
RENDER,7007,1821,152.58.19.64,2239,81116
RENDER,7007,1821,106.213.159.132,2239,81116
RENDER,7007,1821,182.71.248.150,2239,81116
RENDER,7007,1821,152.57.143.151,2239,81116
RENDER,7007,1821,106.193.214.213,2239,81116
RENDER,7007,1821,157.33.230.71,2239,81116
RENDER,7007,1821,117.222.89.102,2239,81116
RENDER,7007,1821,152.58.18.105,2239,81116
RENDER,7007,1821,106.194.203.116,2239,81116
RENDER,7007,1821,152.58.18.169,2239,81116
RENDER,7007,1821,157.33.255.74,2239,81116
RENDER,7007,1821,117.99.250.65,2239,81116
RENDER,7007,1821,152.57.16.154,2239,81116
RENDER,7007,1821,157.33.74.234,2239,81116
RENDER,7007,1821,103.97.98.91,2239,81116
RENDER,7007,1821,152.57.75.198,2239,81116
RENDER,7007,1821,152.57.33.34,2239,81116
RENDER,7007,1821,152.57.90.186,2239,81116
RENDER,7007,1821,49.32.157.39,2239,81116
RENDER,7007,1821,49.32.246.129,2239,81116
RENDER,7007,1821,152.58.19.119,2239,81116
RENDER,7007,1821,157.33.255.41,2239,81116
RENDER,7007,1821,110.224.119.60,2239,81116
RENDER,7007,1821,152.58.19.87,2239,81116
RENDER,7007,1821,117.99.244.242,2239,81116
RENDER,7007,1821,157.33.209.207,2239,81116
RENDER,7007,1821,157.33.115.67,2239,81116
RENDER,7007,1821,152.57.9.242,2239,81116
RENDER,7007,1821,202.179.75.10,2239,81116
RENDER,7007,1821,152.58.18.205,2239,81116
RENDER,7007,1821,49.32.179.109,2239,81116
RENDER,7007,1821,157.33.86.10,2239,81116
RENDER,7007,1821,157.33.37.166,2239,81116
RENDER,7007,1821,157.33.193.122,2239,81116
RENDER,7007,1821,49.32.167.103,2239,81116
RENDER,7007,1821,152.57.145.205,2239,81116
RENDER,7007,1821,106.216.255.182,2239,81116
RENDER,7007,1821,152.58.46.75,2239,81116
RENDER,7007,1821,152.58.30.124,2239,81116
RENDER,7007,1821,157.33.87.74,2239,81116
RENDER,7007,1821,49.32.133.155,2239,81116
RENDER,7007,1821,152.58.19.232,2239,81116
RENDER,7007,1821,106.195.6.154,2239,81116
RENDER,7007,1821,106.195.10.160,2239,81116
RENDER,7007,1821,117.99.253.115,2239,81116
RENDER,7007,1821,110.225.50.57,2239,81116
RENDER,7007,1821,157.33.229.51,2239,81116
RENDER,7007,1821,106.210.132.214,2239,81116
RENDER,7007,1821,157.33.76.183,2239,81116
RENDER,7007,1821,117.99.242.248,2239,81116
RENDER,7007,1821,49.32.148.99,2239,81116
RENDER,7007,1821,106.217.100.78,2239,81116
RENDER,7007,1821,157.33.17.255,2239,81116
RENDER,7007,1821,152.57.164.177,2239,81116
RENDER,7007,1821,157.33.244.165,2239,81116
RENDER,7007,1821,157.33.229.218,2239,81116
RENDER,7007,1821,157.33.222.207,2239,81116
RENDER,7007,1821,49.32.152.2,2239,81116
RENDER,7007,1821,106.217.100.179,2239,81116
RENDER,7007,1821,152.57.150.98,2239,81116
RENDER,7007,1821,157.33.116.125,2239,81116
RENDER,7007,1821,103.51.24.93,2239,81116
RENDER,7007,1821,106.195.3.7,2239,81116
RENDER,7007,1821,49.15.231.174,2239,81116
RENDER,7007,1821,49.15.234.242,2239,81116
RENDER,7007,1821,203.192.239.183,2239,81116
RENDER,7007,1821,223.189.48.157,2239,81116
RENDER,7007,1821,106.217.100.39,2239,81116
RENDER,7007,1821,103.13.42.35,2239,81116
RENDER,7007,1821,49.33.204.145,2239,81116
RENDER,7007,1821,152.57.24.150,2239,81116
RENDER,7007,1821,103.140.26.238,2239,81116
RENDER,7007,1821,152.57.3.25,2239,81116
RENDER,7007,1821,103.44.107.35,2239,81116
RENDER,7007,1821,157.33.65.150,2239,81116
RENDER,7007,1821,152.57.8.185,2239,81116
RENDER,7007,1821,152.57.149.54,2239,81116
RENDER,7007,1821,152.58.19.145,2239,81116
RENDER,7007,1821,157.33.42.201,2239,81116
RENDER,7007,1821,157.33.18.142,2239,81116
RENDER,7007,1821,152.58.18.225,2239,81116
RENDER,7007,1821,152.58.52.231,2239,81116
RENDER,7007,1821,152.57.48.199,2239,81116
RENDER,7007,1821,152.57.25.208,2239,81116
RENDER,7007,1821,157.33.103.15,2239,81116
RENDER,7007,1821,152.58.18.54,2239,81116
RENDER,7007,1821,106.193.196.171,2239,81116
RENDER,7007,1821,117.99.243.201,2239,81116
RENDER,7007,1821,152.57.42.20,2239,81116
RENDER,7007,1821,106.220.203.9,2239,81116
RENDER,7007,1821,157.33.57.164,2239,81116
RENDER,7007,1821,49.32.136.47,2239,81116
RENDER,7007,1821,152.58.4.54,2239,81116
RENDER,7007,1821,157.33.53.219,2239,81116
RENDER,7007,1821,49.32.137.107,2239,81116
RENDER,7007,1821,152.57.64.243,2239,81116
RENDER,7007,1821,152.57.0.222,2239,81116
RENDER,7007,1821,157.33.201.253,2239,81116
RENDER,7007,1821,110.224.32.147,2239,81116
RENDER,7007,1821,49.33.236.73,2239,81116
RENDER,7007,1821,152.58.19.90,2239,81116
RENDER,7007,1821,157.33.16.142,2239,81116
RENDER,7007,1821,103.38.69.219,2239,81116
RENDER,7007,1821,152.58.19.183,2239,81116
RENDER,7007,1821,152.58.18.135,2239,81116
RENDER,7007,1821,117.99.246.89,2239,81116
RENDER,7007,1821,171.77.130.33,2239,81116
RENDER,7007,1821,157.33.68.31,2239,81116
RENDER,7007,1821,157.33.23.45,2239,81116
RENDER,7007,1821,157.33.15.199,2239,81116
RENDER,7007,1821,106.193.244.245,2239,81116
RENDER,7007,1821,203.194.98.148,2239,81116
RENDER,7007,1821,106.211.127.10,2239,81116
RENDER,7007,1821,157.33.250.123,2239,81116
RENDER,7007,1821,157.33.253.7,2239,81116
RENDER,7007,1821,157.33.91.236,2239,81116
RENDER,7007,1821,13.234.43.27,2239,81116
RENDER,7007,1821,152.58.18.33,2239,81116
RENDER,7007,1821,42.106.248.217,2239,81116
RENDER,7007,1821,117.99.249.126,2239,81116
RENDER,7007,1821,106.193.206.106,2239,81116
RENDER,7007,1821,27.57.245.80,2239,81116
RENDER,7007,1821,152.57.157.116,2239,81116
RENDER,7007,1821,157.33.23.32,2239,81116
RENDER,7007,1821,157.33.28.84,2239,81116
RENDER,7007,1821,152.57.50.89,2239,81116
RENDER,7007,1821,157.33.108.145,2239,81116
RENDER,7007,1821,42.106.248.1,2239,81116
RENDER,7007,1821,203.194.98.210,2239,81116
RENDER,7007,1821,152.58.3.74,2239,81116
RENDER,7007,1821,106.217.100.137,2239,81116
RENDER,7007,1821,152.57.183.132,2239,81116
RENDER,7007,1821,157.33.124.145,2239,81116
RENDER,7007,1821,157.33.53.81,2239,81116
RENDER,7007,1821,157.33.233.89,2239,81116
RENDER,7007,1821,157.33.231.57,2239,81116
RENDER,7007,1821,49.32.189.6,2239,81116
RENDER,7007,1821,152.57.140.236,2239,81116
RENDER,7007,1821,157.33.19.217,2239,81116
RENDER,7007,1821,152.57.161.190,2239,81116
RENDER,7007,1821,106.193.229.231,2239,81116
RENDER,7007,1821,157.33.11.38,2239,81116
RENDER,7007,1821,106.200.106.217,2239,81116
RENDER,7007,1821,106.200.126.88,2239,81116
RENDER,7007,1821,152.58.18.245,2239,81116
RENDER,7007,1821,27.60.176.171,2239,81116
RENDER,7007,1821,152.57.96.3,2239,81116
RENDER,7007,1821,223.190.158.6,2239,81116
RENDER,7007,1821,152.57.25.97,2239,81116
RENDER,7007,1821,106.193.198.222,2239,81116
RENDER,7007,1821,152.57.57.170,2239,81116
RENDER,7007,1821,106.210.163.223,2239,81116
RENDER,7007,1821,49.32.177.155,2239,81116
RENDER,7007,1821,157.33.86.191,2239,81116
RENDER,7007,1821,103.174.159.194,2239,81116
RENDER,7007,1821,106.216.246.169,2239,81116
RENDER,7007,1821,157.33.250.27,2239,81116
RENDER,7007,1821,103.122.232.9,2239,81116
RENDER,7007,1821,152.58.19.127,2239,81116
RENDER,7007,1821,157.33.233.89,2239,81116
RENDER,7007,1821,157.33.100.61,2239,81116
RENDER,7007,1821,103.13.42.2,2239,81116
RENDER,7007,1821,223.176.85.2,2239,81116
RENDER,7007,1821,152.58.18.100,2239,81116
RENDER,7007,1821,49.15.229.25,2239,81116
RENDER,7007,1821,117.99.250.37,2239,81116
RENDER,7007,1821,152.58.5.217,2239,81116
RENDER,7007,1821,157.45.50.114,2239,81116
RENDER,7007,1821,152.58.46.52,2239,81116
RENDER,7007,1821,152.57.27.129,2239,81116
RENDER,7007,1821,152.57.2.82,2239,81116
RENDER,7007,1821,152.57.23.57,2239,81116
RENDER,7007,1821,49.33.228.134,2239,81116
RENDER,7007,1821,157.33.101.249,2239,81116
RENDER,7007,1821,157.33.21.224,2239,81116
RENDER,7007,1821,152.57.73.48,2239,81116
RENDER,7007,1821,110.224.125.8,2239,81116
RENDER,7007,1821,165.225.106.65,2239,81116
RENDER,7007,1821,42.111.101.10,2239,81116
RENDER,7007,1821,152.58.18.201,2239,81116
RENDER,7007,1821,203.194.96.49,2239,81116
RENDER,7007,1821,103.13.42.2,2239,81116
RENDER,7007,1821,117.99.243.93,2239,81116
RENDER,7007,1821,103.13.42.2,2239,81116
RENDER,7007,1821,157.33.2.38,2239,81116
RENDER,7007,1821,157.33.118.27,2239,81116
RENDER,7007,1821,103.164.197.107,2239,81116
RENDER,7007,1821,152.57.37.137,2239,81116
RENDER,7007,1821,157.33.110.196,2239,81116
RENDER,7007,1821,117.99.241.239,2239,81116
RENDER,7007,1821,117.99.245.188,2239,81116
RENDER,7007,1821,152.58.18.113,2239,81116
RENDER,7007,1821,157.33.46.126,2239,81116
RENDER,7007,1821,152.58.18.165,2239,81116
RENDER,7007,1821,152.57.83.188,2239,81116
RENDER,7007,1821,182.76.125.210,2239,81116
RENDER,7007,1821,157.33.231.238,2239,81116
RENDER,7007,1821,152.58.28.57,2239,81116
RENDER,7007,1821,117.99.244.104,2239,81116
RENDER,7007,1821,157.33.52.77,2239,81116
RENDER,7007,1821,152.57.30.130,2239,81116
RENDER,7007,1821,152.57.103.124,2239,81116
RENDER,7007,1821,223.176.85.147,2239,81116
RENDER,7007,1821,152.57.42.120,2239,81116
RENDER,7007,1821,106.217.100.251,2239,81116
RENDER,7007,1821,49.33.220.164,2239,81116
RENDER,7007,1821,152.57.138.83,2239,81116
RENDER,7007,1821,157.33.215.228,2239,81116
RENDER,7007,1821,203.192.195.21,2239,81116
RENDER,7007,1821,152.57.29.60,2239,81116
RENDER,7007,1821,152.58.18.21,2239,81116
RENDER,7007,1821,106.193.188.148,2239,81116
RENDER,7007,1821,106.194.250.86,2239,81116
RENDER,7007,1821,152.58.4.248,2239,81116
RENDER,7007,1821,152.57.29.90,2239,81116
RENDER,7007,1821,45.118.107.61,2239,81116
RENDER,7007,1821,152.57.135.3,2239,81116
RENDER,7007,1821,157.33.251.203,2239,81116
RENDER,7007,1821,42.106.249.32,2239,81116
RENDER,7007,1821,106.221.211.225,2239,81116
RENDER,7007,1821,42.106.216.205,2239,81116
RENDER,7007,1821,157.45.50.114,2239,81116
RENDER,7007,1821,150.242.24.242,2239,81116
RENDER,7007,1821,157.33.87.117,2239,81116
RENDER,7007,1821,110.227.22.67,2239,81116
RENDER,7007,1821,106.211.127.64,2239,81116
RENDER,7007,1821,106.193.194.230,2239,81116
RENDER,7007,1821,152.58.18.1,2239,81116
RENDER,7007,1821,152.57.68.244,2239,81116
RENDER,7007,1821,103.13.42.39,2239,81116
RENDER,7007,1821,106.209.249.47,2239,81116
RENDER,7007,1821,157.33.23.249,2239,81116
RENDER,7007,1821,103.164.197.35,2239,81116
RENDER,7007,1821,42.106.236.113,2239,81116
RENDER,7007,1821,157.33.206.136,2239,81116
RENDER,7007,1821,42.106.217.48,2239,81116
RENDER,7007,1821,117.99.252.205,2239,81116
RENDER,7007,1821,117.99.249.132,2239,81116
RENDER,7007,1821,157.33.40.94,2239,81116
RENDER,7007,1821,157.33.91.142,2239,81116
RENDER,7007,1821,117.99.251.64,2239,81116
RENDER,7007,1821,27.63.12.141,2239,81116
RENDER,7007,1821,106.195.2.7,2239,81116
RENDER,7007,1821,106.216.180.130,2239,81116
RENDER,7007,1821,106.195.10.249,2239,81116
RENDER,7007,1821,152.58.30.30,2239,81116
RENDER,7007,1821,152.57.127.132,2239,81116
RENDER,7007,1821,103.13.42.35,2239,81116
RENDER,7007,1821,157.33.106.127,2239,81116
RENDER,7007,1821,152.58.18.254,2239,81116
RENDER,7007,1821,106.193.214.213,2239,81116
RENDER,7007,1821,157.33.13.227,2239,81116
RENDER,7007,1821,152.57.79.225,2239,81116
RENDER,7007,1821,152.57.145.64,2239,81116
RENDER,7007,1821,152.57.48.43,2239,81116
RENDER,7007,1821,117.99.255.65,2239,81116
RENDER,7007,1821,161.69.111.64,2239,81116
RENDER,7007,1821,152.57.45.149,2239,81116
RENDER,7007,1821,49.15.234.207,2239,81116
RENDER,7007,1821,42.106.249.115,2239,81116
RENDER,7007,1821,106.213.204.240,2239,81116
RENDER,7007,1821,49.32.161.78,2239,81116
RENDER,7007,1821,103.168.62.126,2239,81116
RENDER,7007,1821,117.99.253.218,2239,81116
RENDER,7007,1821,157.33.92.69,2239,81116
RENDER,7007,1821,103.183.55.94,2239,81116
RENDER,7007,1821,152.58.19.81,2239,81116
RENDER,7007,1821,152.57.138.28,2239,81116
RENDER,7007,1821,157.33.251.171,2239,81116
RENDER,7007,1821,117.99.243.156,2239,81116
RENDER,7007,1821,152.58.19.25,2239,81116
RENDER,7007,1821,45.118.107.56,2239,81116
RENDER,7007,1821,165.225.106.56,2239,81116
RENDER,7007,1821,152.57.128.70,2239,81116
RENDER,7007,1821,42.106.217.94,2239,81116
RENDER,7007,1821,117.99.244.233,2239,81116
RENDER,7007,1821,117.99.245.129,2239,81116
RENDER,7007,1821,106.193.231.193,2239,81116
RENDER,7007,1821,152.57.2.70,2239,81116
RENDER,7007,1821,117.99.246.23,2239,81116
RENDER,7007,1821,157.33.73.29,2239,81116
RENDER,7007,1821,157.33.67.3,2239,81116
RENDER,7007,1821,106.194.210.32,2239,81116
RENDER,7007,1821,157.33.105.43,2239,81116
RENDER,7007,1821,152.58.33.211,2239,81116
RENDER,7007,1821,106.195.2.53,2239,81116
RENDER,7007,1821,157.33.26.210,2239,81116
RENDER,7007,1821,152.58.19.137,2239,81116
RENDER,7007,1821,157.33.59.48,2239,81116
RENDER,7007,1821,152.57.91.243,2239,81116
RENDER,7007,1821,106.209.216.205,2239,81116
RENDER,7007,1821,106.194.246.37,2239,81116
RENDER,7007,1821,49.33.215.158,2239,81116
RENDER,7007,1821,110.226.179.200,2239,81116
RENDER,7007,1821,117.99.251.100,2239,81116
RENDER,7007,1821,157.33.58.55,2239,81116
RENDER,7007,1821,157.33.19.141,2239,81116
RENDER,7007,1821,106.217.100.0,2239,81116
RENDER,7007,1821,157.33.204.145,2239,81116
RENDER,7007,1821,152.57.110.167,2239,81116
RENDER,7007,1821,152.57.6.111,2239,81116
RENDER,7007,1821,152.58.54.119,2239,81116
RENDER,7007,1821,157.33.78.59,2239,81116
RENDER,7007,1821,152.58.16.115,2239,81116
RENDER,7007,1821,106.193.191.115,2239,81116
RENDER,7007,1821,106.217.100.179,2239,81116
RENDER,7007,1821,152.57.186.4,2239,81116
RENDER,7007,1821,117.99.251.66,2239,81116
RENDER,7007,1821,152.58.17.199,2239,81116
RENDER,7007,1821,152.57.160.203,2239,81116
RENDER,7007,1821,152.58.17.67,2239,81116
RENDER,7007,1821,42.106.248.40,2239,81116
RENDER,7007,1821,157.33.224.155,2239,81116
RENDER,7007,1821,157.33.220.193,2239,81116
RENDER,7007,1821,152.57.19.223,2239,81116
RENDER,7007,1821,152.58.19.239,2239,81116
RENDER,7007,1821,106.195.4.175,2239,81116
RENDER,7007,1821,117.99.241.112,2239,81116
RENDER,7007,1821,157.45.50.120,2239,81116
RENDER,7007,1821,103.164.197.99,2239,81116
RENDER,7007,1821,157.33.228.64,2239,81116
RENDER,7007,1821,117.99.240.36,2239,81116
RENDER,7007,1821,106.213.195.93,2239,81116
RENDER,7007,1821,152.57.52.53,2239,81116
RENDER,7007,1821,152.57.57.29,2239,81116
RENDER,7007,1821,152.58.55.208,2239,81116
RENDER,7007,1821,157.33.50.159,2239,81116
RENDER,7007,1821,152.57.31.183,2239,81116
RENDER,7007,1821,152.57.124.225,2239,81116
RENDER,7007,1821,117.228.212.29,2239,81116
RENDER,7007,1821,106.216.180.151,2239,81116
RENDER,7007,1821,152.57.18.195,2239,81116
RENDER,7007,1821,49.32.183.142,2239,81116
RENDER,7007,1821,157.33.52.97,2239,81116
RENDER,7007,1821,42.111.109.113,2239,81116
RENDER,7007,1821,49.32.174.246,2239,81116
RENDER,7007,1821,152.57.83.113,2239,81116
RENDER,7007,1821,180.151.116.14,2239,81116
RENDER,7007,1821,117.99.251.216,2239,81116
RENDER,7007,1821,165.225.106.128,2239,81116
RENDER,7007,1821,49.15.232.48,2239,81116
RENDER,7007,1821,117.99.250.231,2239,81116
RENDER,7007,1821,152.57.4.229,2239,81116
RENDER,7007,1821,152.57.68.217,2239,81116
RENDER,7007,1821,157.33.122.130,2239,81116
RENDER,7007,1821,106.193.244.245,2239,81116
RENDER,7007,1821,152.58.19.56,2239,81116
RENDER,7007,1821,103.58.152.113,2239,81116
RENDER,7007,1821,157.33.57.189,2239,81116
RENDER,7007,1821,110.224.125.121,2239,81116
RENDER,7007,1821,49.32.136.134,2239,81116
RENDER,7007,1821,49.32.229.53,2239,81116
RENDER,7007,1821,157.33.87.69,2239,81116
RENDER,7007,1821,117.99.245.217,2239,81116
RENDER,7007,1821,106.195.6.207,2239,81116
RENDER,7007,1821,106.195.4.133,2239,81116
RENDER,7007,1821,183.87.184.75,2239,81116
RENDER,7007,1821,106.193.35.219,2239,81116
RENDER,7007,1821,106.193.229.26,2239,81116
RENDER,7007,1821,117.99.241.151,2239,81116
RENDER,7007,1821,112.79.64.215,2239,81116
RENDER,7007,1821,42.111.99.11,2239,81116
RENDER,7007,1821,117.99.240.120,2239,81116
RENDER,7007,1821,157.33.247.42,2239,81116
RENDER,7007,1821,152.57.47.122,2239,81116
RENDER,7007,1821,152.57.187.66,2239,81116
RENDER,7007,1821,152.58.18.14,2239,81116
RENDER,7007,1821,157.45.50.112,2239,81116
RENDER,7007,1821,157.33.220.167,2239,81116
RENDER,7007,1821,152.57.68.196,2239,81116
RENDER,7007,1821,157.33.120.119,2239,81116
RENDER,7007,1821,152.58.18.131,2239,81116
RENDER,7007,1821,203.194.102.192,2239,81116
RENDER,7007,1821,117.99.248.9,2239,81116
RENDER,7007,1821,106.216.246.129,2239,81116
RENDER,7007,1821,203.192.238.135,2239,81116
RENDER,7007,1821,106.195.6.131,2239,81116
RENDER,7007,1821,106.200.103.23,2239,81116
RENDER,7007,1821,106.193.236.133,2239,81116
RENDER,7007,1821,106.193.212.32,2239,81116
RENDER,7007,1821,45.118.104.32,2239,81116
RENDER,7007,1821,152.57.3.41,2239,81116
RENDER,7007,1821,152.57.86.227,2239,81116
RENDER,7007,1821,152.57.138.1,2239,81116
RENDER,7007,1821,106.217.100.115,2239,81116
RENDER,7007,1821,106.210.188.65,2239,81116
RENDER,7007,1821,152.57.30.8,2239,81116
RENDER,7007,1821,117.99.244.18,2239,81116
RENDER,7007,1821,157.33.8.67,2239,81116
RENDER,7007,1821,152.57.117.102,2239,81116
RENDER,7007,1821,152.57.40.205,2239,81116
RENDER,7007,1821,49.32.235.67,2239,81116
RENDER,7007,1821,106.193.220.64,2239,81116
RENDER,7007,1821,157.33.126.124,2239,81116
RENDER,7007,1821,106.193.244.13,2239,81116
RENDER,7007,1821,152.58.18.20,2239,81116
RENDER,7007,1821,223.187.206.109,2239,81116
RENDER,7007,1821,117.99.252.73,2239,81116
RENDER,7007,1821,152.57.72.46,2239,81116
RENDER,7007,1821,157.33.29.213,2239,81116
RENDER,7007,1821,106.193.237.135,2239,81116
RENDER,7007,1821,45.118.104.129,2239,81116
RENDER,7007,1821,203.194.99.181,2239,81116
RENDER,7007,1821,152.58.18.123,2239,81116
RENDER,7007,1821,152.58.3.238,2239,81116
RENDER,7007,1821,152.57.75.19,2239,81116
RENDER,7007,1821,152.58.19.240,2239,81116
RENDER,7007,1821,106.193.229.72,2239,81116
RENDER,7007,1821,157.33.27.225,2239,81116
RENDER,7007,1821,152.58.19.114,2239,81116
RENDER,7007,1821,110.224.114.43,2239,81116
RENDER,7007,1821,117.99.247.216,2239,81116
RENDER,7007,1821,106.216.255.155,2239,81116
RENDER,7007,1821,152.57.161.200,2239,81116
RENDER,7007,1821,106.209.194.2,2239,81116
RENDER,7007,1821,106.221.3.7,2239,81116
RENDER,7007,1821,152.57.9.36,2239,81116
RENDER,7007,1821,106.209.249.57,2239,81116
RENDER,7007,1821,117.99.242.69,2239,81116
RENDER,7007,1821,152.57.129.179,2239,81116
RENDER,7007,1821,152.57.142.209,2239,81116
RENDER,7007,1821,157.33.74.70,2239,81116
RENDER,7007,1821,152.57.5.200,2239,81116
RENDER,7007,1821,171.77.131.121,2239,81116
RENDER,7007,1821,152.57.113.59,2239,81116
RENDER,7007,1821,152.58.18.200,2239,81116
RENDER,7007,1821,152.57.5.93,2239,81116
RENDER,7007,1821,106.217.100.75,2239,81116
RENDER,7007,1821,152.57.145.164,2239,81116
RENDER,7007,1821,117.99.241.242,2239,81116
RENDER,7007,1821,157.33.54.101,2239,81116
RENDER,7007,1821,49.32.233.27,2239,81116
RENDER,7007,1821,152.57.53.71,2239,81116
RENDER,7007,1821,152.58.19.56,2239,81116
RENDER,7007,1821,157.33.5.237,2239,81116
RENDER,7007,1821,152.57.72.96,2239,81116
RENDER,7007,1821,152.57.167.146,2239,81116
RENDER,7007,1821,49.15.230.199,2239,81116
RENDER,7007,1821,157.33.252.66,2239,81116
RENDER,7007,1821,152.58.18.10,2239,81116
RENDER,7007,1821,152.58.18.168,2239,81116
RENDER,7007,1821,106.220.166.26,2239,81116
RENDER,7007,1821,106.193.198.160,2239,81116
RENDER,7007,1821,157.33.232.207,2239,81116
RENDER,7007,1821,152.57.188.13,2239,81116
RENDER,7007,1821,152.58.16.76,2239,81116
RENDER,7007,1821,152.57.177.247,2239,81116
RENDER,7007,1821,49.32.170.19,2239,81116
RENDER,7007,1821,152.58.19.212,2239,81116
RENDER,7007,1821,157.33.95.132,2239,81116
RENDER,7007,1821,152.58.19.153,2239,81116
RENDER,7007,1821,152.58.16.116,2239,81116
RENDER,7007,1821,152.57.103.144,2239,81116
RENDER,7007,1821,152.57.150.53,2239,81116
RENDER,7007,1821,117.99.247.20,2239,81116
RENDER,7007,1821,152.57.144.199,2239,81116
RENDER,7007,1821,117.99.244.134,2239,81116
RENDER,7007,1821,152.57.56.146,2239,81116
RENDER,7007,1821,165.225.106.65,2239,81116
RENDER,7007,1821,152.57.4.124,2239,81116
RENDER,7007,1821,157.33.122.151,2239,81116
RENDER,7007,1821,106.210.186.59,2239,81116
RENDER,7007,1821,152.58.17.36,2239,81116
RENDER,7007,1821,117.99.252.165,2239,81116
RENDER,7007,1821,152.57.102.170,2239,81116
RENDER,7007,1821,117.99.252.150,2239,81116
RENDER,7007,1821,152.57.76.190,2239,81116
RENDER,7007,1821,152.57.44.157,2239,81116
RENDER,7007,1821,49.32.141.99,2239,81116
RENDER,7007,1821,123.63.85.197,2239,81116
RENDER,7007,1821,117.99.240.36,2239,81116
RENDER,7007,1821,106.193.198.160,2239,81116
RENDER,7007,1821,42.111.112.7,2239,81116
RENDER,7007,1821,117.99.250.37,2239,81116
RENDER,7007,1821,152.58.18.111,2239,81116
RENDER,7007,1821,103.226.85.75,2239,81116
RENDER,7007,1821,117.99.241.58,2239,81116
RENDER,7007,1821,152.57.144.37,2239,81116
RENDER,7007,1821,117.99.253.16,2239,81116
RENDER,7007,1821,106.220.145.138,2239,81116
RENDER,7007,1821,49.32.186.9,2239,81116
RENDER,7007,1821,42.106.248.161,2239,81116
RENDER,7007,1821,45.127.44.37,2239,81116
RENDER,7007,1821,110.224.115.27,2239,81116
RENDER,7007,1821,106.193.237.222,2239,81116
RENDER,7007,1821,157.33.4.147,2239,81116
RENDER,7007,1821,157.45.95.208,2239,81116
RENDER,7007,1821,42.106.216.205,2239,81116
RENDER,7007,1821,152.58.18.101,2239,81116
RENDER,7007,1821,157.33.67.5,2239,81116
RENDER,7007,1821,117.99.240.220,2239,81116
RENDER,7007,1821,117.99.243.12,2239,81116
RENDER,7007,1821,152.58.1.124,2239,81116
RENDER,7007,1821,157.45.50.122,2239,81116
RENDER,7007,1821,157.33.44.72,2239,81116
RENDER,7007,1821,152.58.18.109,2239,81116
RENDER,7007,1821,106.210.224.208,2239,81116
RENDER,7007,1821,152.57.75.222,2239,81116
RENDER,7007,1821,106.217.100.185,2239,81116
RENDER,7007,1821,152.57.184.221,2239,81116
RENDER,7007,1821,123.63.85.197,2239,81116
RENDER,7007,1821,106.193.244.198,2239,81116
RENDER,7007,1821,117.99.246.122,2239,81116
RENDER,7007,1821,157.33.25.219,2239,81116
RENDER,7007,1821,103.233.94.66,2239,81116
RENDER,7007,1821,42.106.217.82,2239,81116
RENDER,7007,1821,157.33.221.172,2239,81116
RENDER,7007,1821,152.57.58.86,2239,81116
RENDER,7007,1821,152.57.111.126,2239,81116
RENDER,7007,1821,42.106.204.143,2239,81116
RENDER,7007,1821,103.58.154.41,2239,81116
RENDER,7007,1821,152.57.99.140,2239,81116
RENDER,7007,1821,152.57.99.166,2239,81116
RENDER,7007,1821,152.57.57.170,2239,81116
RENDER,7007,1821,49.32.175.4,2239,81116
RENDER,7007,1821,152.57.25.111,2239,81116
RENDER,7007,1821,152.57.71.131,2239,81116
RENDER,7007,1821,157.45.50.117,2239,81116
RENDER,7007,1821,152.57.62.63,2239,81116
RENDER,7007,1821,157.33.73.205,2239,81116
RENDER,7007,1821,152.58.18.119,2239,81116
RENDER,7007,1821,110.225.50.33,2239,81116
RENDER,7007,1821,152.57.146.83,2239,81116
RENDER,7007,1821,117.99.247.198,2239,81116
RENDER,7007,1821,152.57.131.77,2239,81116
RENDER,7007,1821,152.58.18.174,2239,81116
RENDER,7007,1821,117.99.246.180,2239,81116
RENDER,7007,1821,106.195.6.220,2239,81116
RENDER,7007,1821,182.76.125.210,2239,81116
RENDER,7007,1821,152.57.45.50,2239,81116
RENDER,7007,1821,152.57.45.50,2239,81116
RENDER,7007,1821,157.33.49.109,2239,81116
RENDER,7007,1821,103.13.42.8,2239,81116
RENDER,7007,1821,152.57.148.253,2239,81116
RENDER,7007,1821,157.45.50.114,2239,81116
RENDER,7007,1821,106.216.242.211,2239,81116
RENDER,7007,1821,152.57.102.170,2239,81116
RENDER,7007,1821,152.58.18.30,2239,81116
RENDER,7007,1821,117.99.250.78,2239,81116
RENDER,7007,1821,49.36.101.159,2239,81116
RENDER,7007,1821,117.99.243.19,2239,81116
RENDER,7007,1821,152.57.63.1,2239,81116
RENDER,7007,1821,106.193.101.132,2239,81116
RENDER,7007,1821,49.32.130.135,2239,81116
RENDER,7007,1821,42.106.248.169,2239,81116
RENDER,7007,1821,152.57.186.238,2239,81116
RENDER,7007,1821,152.58.18.1,2239,81116
RENDER,7007,1821,152.57.142.8,2239,81116
RENDER,7007,1821,171.77.155.99,2239,81116
RENDER,7007,1821,157.33.71.139,2239,81116
RENDER,7007,1821,49.32.190.7,2239,81116
RENDER,7007,1821,157.33.112.45,2239,81116
RENDER,7007,1821,152.58.19.231,2239,81116
RENDER,7007,1821,152.57.102.108,2239,81116
RENDER,7007,1821,152.57.151.63,2239,81116
RENDER,7007,1821,152.57.131.77,2239,81116
RENDER,7007,1821,103.183.55.245,2239,81116
RENDER,7007,1821,152.57.78.197,2239,81116
RENDER,7007,1821,103.183.54.204,2239,81116
RENDER,7007,1821,106.193.207.59,2239,81116
RENDER,7007,1821,110.224.124.191,2239,81116
RENDER,7007,1821,152.57.124.208,2239,81116
RENDER,7007,1821,117.99.253.242,2239,81116
RENDER,7007,1821,152.58.18.54,2239,81116
RENDER,7007,1821,152.57.24.173,2239,81116
RENDER,7007,1821,157.33.193.59,2239,81116
RENDER,7007,1821,152.57.48.31,2239,81116
RENDER,7007,1821,152.58.19.94,2239,81116
RENDER,7007,1821,117.99.251.73,2239,81116
RENDER,7007,1821,152.58.19.27,2239,81116
RENDER,7007,1821,152.57.82.10,2239,81116
RENDER,7007,1821,157.33.45.69,2239,81116
RENDER,7007,1821,106.193.190.26,2239,81116
RENDER,7007,1821,152.57.191.15,2239,81116
RENDER,7007,1821,152.57.41.42,2239,81116
RENDER,7007,1821,152.58.18.212,2239,81116
RENDER,7007,1821,117.99.245.183,2239,81116
RENDER,7007,1821,117.99.248.148,2239,81116
RENDER,7007,1821,152.58.19.217,2239,81116
RENDER,7007,1821,117.99.241.242,2239,81116
RENDER,7007,1821,157.33.23.249,2239,81116
RENDER,7007,1821,49.33.224.97,2239,81116
RENDER,7007,1821,157.33.15.131,2239,81116
RENDER,7007,1821,49.36.100.210,2239,81116
RENDER,7007,1821,106.193.212.2,2239,81116
RENDER,7007,1821,157.33.32.76,2239,81116
RENDER,7007,1821,157.33.4.74,2239,81116
RENDER,7007,1821,49.15.231.135,2239,81116
RENDER,7007,1821,152.58.19.75,2239,81116
RENDER,7007,1821,117.99.246.70,2239,81116
RENDER,7007,1821,157.33.23.32,2239,81116
RENDER,7007,1821,49.36.114.163,2239,81116
RENDER,7007,1821,152.57.28.249,2239,81116
RENDER,7007,1821,103.165.169.236,2239,81116
RENDER,7007,1821,152.58.4.7,2239,81116
RENDER,7007,1821,152.58.19.226,2239,81116
RENDER,7007,1821,157.33.19.217,2239,81116
RENDER,7007,1821,152.58.18.103,2239,81116
RENDER,7007,1821,157.33.215.213,2239,81116
RENDER,7007,1821,106.193.246.238,2239,81116
RENDER,7007,1821,152.58.18.249,2239,81116
RENDER,7007,1821,110.226.181.222,2239,81116
RENDER,7007,1821,152.57.1.175,2239,81116
RENDER,7007,1821,152.57.16.159,2239,81116
RENDER,7007,1821,152.57.165.156,2239,81116
RENDER,7007,1821,152.58.19.21,2239,81116
RENDER,7007,1821,152.57.49.69,2239,81116
RENDER,7007,1821,152.57.45.50,2239,81116
RENDER,7007,1821,157.33.14.160,2239,81116
RENDER,7007,1821,117.99.252.204,2239,81116
RENDER,7007,1821,152.58.19.115,2239,81116
RENDER,7007,1821,152.57.156.223,2239,81116
RENDER,7007,1821,157.33.118.151,2239,81116
RENDER,7007,1821,103.226.85.75,2239,81116
RENDER,7007,1821,152.58.18.150,2239,81116
RENDER,7007,1821,123.63.85.197,2239,81116
RENDER,7007,1821,152.58.18.25,2239,81116
RENDER,7007,1821,106.216.180.170,2239,81116
RENDER,7007,1821,157.33.214.47,2239,81116
RENDER,7007,1821,152.57.90.18,2239,81116
RENDER,7007,1821,157.33.19.201,2239,81116
RENDER,7007,1821,152.57.136.239,2239,81116
RENDER,7007,1821,152.57.128.1,2239,81116
RENDER,7007,1821,152.57.4.124,2239,81116
RENDER,7007,1821,103.164.197.89,2239,81116
RENDER,7007,1821,106.193.244.198,2239,81116
RENDER,7007,1821,152.57.90.180,2239,81116
RENDER,7007,1821,157.33.24.196,2239,81116
RENDER,7007,1821,152.57.67.118,2239,81116
RENDER,7007,1821,152.58.18.160,2239,81116
RENDER,7007,1821,117.99.250.27,2239,81116
RENDER,7007,1821,152.58.18.10,2239,81116
RENDER,7007,1821,157.33.108.145,2239,81116
RENDER,7007,1821,42.106.216.205,2239,81116
RENDER,7007,1821,14.141.145.130,2239,81116
RENDER,7007,1821,152.57.142.145,2239,81116
RENDER,7007,1821,152.57.63.72,2239,81116
RENDER,7007,1821,117.99.244.120,2239,81116
RENDER,7007,1821,157.33.39.50,2239,81116
RENDER,7007,1821,106.216.252.59,2239,81116
RENDER,7007,1821,117.99.247.20,2239,81116
RENDER,7007,1821,152.57.116.40,2239,81116
RENDER,7007,1821,157.33.60.192,2239,81116
RENDER,7007,1821,152.58.19.249,2239,81116
RENDER,7007,1821,106.193.128.84,2239,81116
RENDER,7007,1821,106.193.244.198,2239,81116
RENDER,7007,1821,157.33.106.127,2239,81116
RENDER,7007,1821,49.15.232.244,2239,81116
RENDER,7007,1821,203.192.243.9,2239,81116
RENDER,7007,1821,45.117.74.171,2239,81116
RENDER,7007,1821,152.57.61.246,2239,81116
RENDER,7007,1821,49.15.231.123,2239,81116
RENDER,7007,1821,152.57.131.142,2239,81116
RENDER,7007,1821,152.57.119.50,2239,81116
RENDER,7007,1821,157.33.30.204,2239,81116
RENDER,7007,1821,152.58.17.222,2239,81116
RENDER,7007,1821,110.225.50.44,2239,81116
RENDER,7007,1821,157.33.8.128,2239,81116
RENDER,7007,1821,171.51.225.253,2239,81116
RENDER,7007,1821,152.58.19.16,2239,81116
RENDER,7007,1821,106.217.100.212,2239,81116
RENDER,7007,1821,157.33.4.74,2239,81116
RENDER,7007,1821,152.58.46.52,2239,81116
RENDER,7007,1821,152.57.160.5,2239,81116
RENDER,7007,1821,157.33.28.205,2239,81116
RENDER,7007,1821,152.57.20.221,2239,81116
RENDER,7007,1821,106.200.96.107,2239,81116
RENDER,7007,1821,42.106.216.119,2239,81116
RENDER,7007,1821,49.15.232.156,2239,81116
RENDER,7007,1821,157.33.43.164,2239,81116
RENDER,7007,1821,49.32.190.220,2239,81116
RENDER,7007,1821,103.13.42.4,2239,81116
RENDER,7007,1821,117.99.245.183,2239,81116
RENDER,7007,1821,106.193.35.177,2239,81116
RENDER,7007,1821,157.33.253.240,2239,81116
RENDER,7007,1821,152.57.103.114,2239,81116
RENDER,7007,1821,157.33.226.216,2239,81116
RENDER,7007,1821,49.32.171.31,2239,81116
RENDER,7007,1821,106.193.231.210,2239,81116
RENDER,7007,1821,110.224.119.22,2239,81116
RENDER,7007,1821,106.216.248.163,2239,81116
RENDER,7007,1821,152.58.19.136,2239,81116
RENDER,7007,1821,49.32.249.218,2239,81116
RENDER,7007,1821,157.33.15.163,2239,81116
RENDER,7007,1821,49.15.233.15,2239,81116
RENDER,7007,1821,117.99.253.179,2239,81116
RENDER,7007,1821,152.58.19.19,2239,81116
RENDER,7007,1821,152.58.18.16,2239,81116
RENDER,7007,1821,106.79.175.205,2239,81116
RENDER,7007,1821,110.225.50.33,2239,81116
RENDER,7007,1821,117.99.253.127,2239,81116
RENDER,7007,1821,152.57.164.56,2239,81116
RENDER,7007,1821,42.111.110.36,2239,81116
